{"cameraMode":{"drawMode":0,"name":"Shaded","section":"Shading Mode"},"sceneLighting":true,"audioPlay":false,"sceneViewState":{"m_AlwaysRefresh":false,"showFog":true,"showSkybox":true,"showFlares":true,"showImageEffects":true,"showParticleSystems":true,"showVisualEffectGraphs":true,"m_FxEnabled":true},"in2DMode":false,"pivot":{"x":2.7063846588134767,"y":-1.4788017272949219,"z":5.754397392272949},"rotation":{"x":0.47948622703552248,"y":-0.31376639008522036,"z":0.18849892914295197,"w":0.797649085521698},"size":12.12435531616211,"orthographic":false}